{
  "version": "1.1.0",
  "diagrams": [
    {
      "ordinal": 0,
      "scrollPosition": {
        "x": 565.198885401695,
        "y": 300.51765745697583
      },
      "nodes": [
        {
          "location": {
            "x": 0,
            "y": 124.81392608757699
          },
          "nodeIndex": "category_details",
          "nodeLineageTag": "b3a4e4b5-e035-4b52-8988-7e2800a11e53",
          "size": {
            "height": 152,
            "width": 234
          },
          "zIndex": 0
        },
        {
          "location": {
            "x": 716.145073742502,
            "y": 345.23173733489813
          },
          "nodeIndex": "country_details",
          "nodeLineageTag": "13245fd4-2dbd-44f0-a9f7-9fabe43de32b",
          "size": {
            "height": 176,
            "width": 234
          },
          "zIndex": 0
        },
        {
          "location": {
            "x": 0,
            "y": 384.88767996309281
          },
          "nodeIndex": "Customer_details",
          "nodeLineageTag": "4179ddd4-700f-46a4-8972-65f59798b793",
          "size": {
            "height": 128,
            "width": 234
          },
          "zIndex": 0
        },
        {
          "location": {
            "x": 666.09749830753628,
            "y": 128.64082116670187
          },
          "nodeIndex": "Manufactory_details",
          "nodeLineageTag": "f11f69d6-7c27-48e8-b172-0f605e28dcd5",
          "size": {
            "height": 128,
            "width": 234
          },
          "zIndex": 0
        },
        {
          "location": {
            "x": 298.73586909054222,
            "y": 0
          },
          "nodeIndex": "product_details",
          "nodeLineageTag": "9f1cc872-9364-4eb9-b31a-7063f6c8881e",
          "size": {
            "height": 128,
            "width": 234
          },
          "zIndex": 0
        },
        {
          "location": {
            "x": 604.0701963871461,
            "y": 669.04469061941882
          },
          "nodeIndex": "Region_details",
          "nodeLineageTag": "cca062e8-a69b-4c3d-b552-220d2fc3c4d7",
          "size": {
            "height": 128,
            "width": 234
          },
          "zIndex": 0
        },
        {
          "location": {
            "x": 0,
            "y": 673.03531491395165
          },
          "nodeIndex": "Segment_Details",
          "nodeLineageTag": "b4f750a7-985d-414c-a192-04c32ba173e5",
          "size": {
            "height": 128,
            "width": 234
          },
          "zIndex": 0
        },
        {
          "location": {
            "x": 297.09872988718587,
            "y": 294.20438883236955
          },
          "nodeIndex": "superstore_dataset",
          "nodeLineageTag": "6ece0dd3-a0d2-4f6e-9732-ce552d84ac33",
          "size": {
            "height": 295.96412556053815,
            "width": 234
          },
          "zIndex": 0
        },
        {
          "location": {
            "x": 1000.1450737425019,
            "y": 300.51765745697583
          },
          "nodeIndex": "measure",
          "size": {
            "height": 200,
            "width": 234
          },
          "zIndex": 0
        }
      ],
      "name": "All tables",
      "zoomValue": 99.111111111111114,
      "pinKeyFieldsToTop": false,
      "showExtraHeaderInfo": false,
      "hideKeyFieldsWhenCollapsed": false,
      "tablesLocked": false
    }
  ],
  "selectedDiagram": "All tables",
  "defaultDiagram": "All tables"
}